[{"id":"user-image-ghghghgh.jpg","publicUrl":"np://user.desktop.nicepage.com/Site_562718237/images/ghghghgh.jpg","size":69894,"hash":"FF17hSmTmDvRLKtbRYvy5t7ubxg=","fileName":"ghghghgh.jpg","name":"ghghghgh","width":1869,"height":1080,"thumbnail":{"url":"np://user.desktop.nicepage.com/Site_562718237/images/thumbnails/ghghghgh.jpg","width":250,"height":144},"originalUrl":"//images01.nicepage.com/c461c07a441a5d220e8feb1a/9a64a72459205cd9b35fd1f4/ghghghgh.jpg","usages":[]},{"id":"user-image-content--20210113071032.jpeg","publicUrl":"np://user.desktop.nicepage.com/Site_562718237/images/content--20210113071032.jpeg","size":159496,"hash":"5XRYlR+WVo1Jh34Uu3W/2DOD82A=","fileName":"content--20210113071032.jpeg","name":"content--20210113071032","width":800,"height":597,"thumbnail":{"url":"np://user.desktop.nicepage.com/Site_562718237/images/thumbnails/content--20210113071032.jpeg","width":250,"height":187},"usages":["849317169"]},{"id":"user-image-Jakarta_Skyline_Part_2.jpg","publicUrl":"np://user.desktop.nicepage.com/Site_562718237/images/Jakarta_Skyline_Part_2.jpg","size":531046,"hash":"jPTzLq6Fb5roulRqFhijvEaBXhE=","fileName":"Jakarta_Skyline_Part_2.jpg","name":"Jakarta_Skyline_Part_2","width":906,"height":450,"thumbnail":{"url":"np://user.desktop.nicepage.com/Site_562718237/images/thumbnails/Jakarta_Skyline_Part_2.jpg","width":250,"height":124},"usages":[]},{"id":"user-image-dab86a3800eb6eff6afa01f75121a019d7caf88b1854becc312c3baa778ffd453064f85b3ea1bc7b11d2c49ec7d67a4e19c7dfe15ccd56a347a112_1280.jpg","publicUrl":"np://user.desktop.nicepage.com/Site_562718237/images/dab86a3800eb6eff6afa01f75121a019d7caf88b1854becc312c3baa778ffd453064f85b3ea1bc7b11d2c49ec7d67a4e19c7dfe15ccd56a347a112_1280.jpg","size":40705,"hash":"b5iIfn8XTNmv2KHzpdy4nxxrhuk=","fileName":"dab86a3800eb6eff6afa01f75121a019d7caf88b1854becc312c3baa778ffd453064f85b3ea1bc7b11d2c49ec7d67a4e19c7dfe15ccd56a347a112_1280.jpg","name":"dab86a3800eb6eff6afa01f75121a019d7caf88b1854becc312c3baa778ffd453064f85b3ea1bc7b11d2c49ec7d67a4e19c7dfe15ccd56a347a112_1280","width":1280,"height":512,"thumbnail":{"url":"np://user.desktop.nicepage.com/Site_562718237/images/thumbnails/dab86a3800eb6eff6afa01f75121a019d7caf88b1854becc312c3baa778ffd453064f85b3ea1bc7b11d2c49ec7d67a4e19c7dfe15ccd56a347a112_1280.jpg","width":250,"height":100},"usages":[]},{"id":"user-image-jakarta-1511711318773_1.jpg","publicUrl":"np://user.desktop.nicepage.com/Site_562718237/images/jakarta-1511711318773_1.jpg","size":171680,"hash":"hscocGHd77Eb3a/N1uDqPcEmSAQ=","fileName":"jakarta-1511711318773_1.jpg","name":"jakarta-1511711318773_1","width":640,"height":578,"thumbnail":{"url":"np://user.desktop.nicepage.com/Site_562718237/images/thumbnails/jakarta-1511711318773_1.jpg","width":250,"height":226},"usages":["266204647"]},{"id":"user-image-content--20210322122147.jpg","publicUrl":"np://user.desktop.nicepage.com/Site_562718237/images/content--20210322122147.jpg","size":2807572,"hash":"eOX5BmDl4MDhDKg2u57hVaB0Pjg=","fileName":"content--20210322122147.jpg","name":"content--20210322122147","width":6000,"height":4000,"thumbnail":{"url":"np://user.desktop.nicepage.com/Site_562718237/images/thumbnails/content--20210322122147.jpg","width":250,"height":167},"usages":["781809484"]},{"id":"user-image-t_500x300.jpeg","publicUrl":"np://user.desktop.nicepage.com/Site_562718237/images/t_500x300.jpeg","size":22609,"hash":"WpCVmYRGDEvd0cCKMXRrfuUwQMU=","fileName":"t_500x300.jpeg","name":"t_500x300","width":332,"height":187,"thumbnail":{"url":"np://user.desktop.nicepage.com/Site_562718237/images/thumbnails/t_500x300.jpeg","width":250,"height":141},"usages":[]},{"id":"user-image-soto-betawi-50244009.jpg","publicUrl":"np://user.desktop.nicepage.com/Site_562718237/images/soto-betawi-50244009.jpg","size":128131,"hash":"HRq38JzzNPPoRALtAEKtaPXXxF8=","fileName":"soto-betawi-50244009.jpg","name":"soto-betawi-50244009","width":1260,"height":709,"thumbnail":{"url":"np://user.desktop.nicepage.com/Site_562718237/images/thumbnails/soto-betawi-50244009.jpg","width":250,"height":141},"usages":["923015157"]},{"id":"user-image-kerak-telor.jpg","publicUrl":"np://user.desktop.nicepage.com/Site_562718237/images/kerak-telor.jpg","size":71579,"hash":"G3+uMHdgpQV0ngP5vze1GGspGxA=","fileName":"kerak-telor.jpg","name":"kerak-telor","width":617,"height":411,"thumbnail":{"url":"np://user.desktop.nicepage.com/Site_562718237/images/thumbnails/kerak-telor.jpg","width":250,"height":167},"usages":["923015157"]},{"id":"user-image-23edd0b146ffc32ab856ea9c1d1fcf94.jpg","publicUrl":"np://user.desktop.nicepage.com/Site_562718237/images/23edd0b146ffc32ab856ea9c1d1fcf94.jpg","size":165901,"hash":"Yfnf5qFUgaie0KaNxq8KlZzAGns=","fileName":"23edd0b146ffc32ab856ea9c1d1fcf94.jpg","name":"23edd0b146ffc32ab856ea9c1d1fcf94","width":1080,"height":1080,"thumbnail":{"url":"np://user.desktop.nicepage.com/Site_562718237/images/thumbnails/23edd0b146ffc32ab856ea9c1d1fcf94.jpg","width":250,"height":250},"usages":["923015157"]},{"id":"user-image-1-2.jpg","publicUrl":"np://user.desktop.nicepage.com/Site_562718237/images/1-2.jpg","size":35832,"hash":"IaEvNS/qSenLynQgIGSDW7bm3p4=","fileName":"1-2.jpg","name":"1-2","width":714,"height":422,"thumbnail":{"url":"np://user.desktop.nicepage.com/Site_562718237/images/thumbnails/1-2.jpg","width":250,"height":148},"usages":["923015157"]},{"id":"user-image-istockphoto-1403968380-612x612.jpg","publicUrl":"np://user.desktop.nicepage.com/Site_562718237/images/istockphoto-1403968380-612x612.jpg","size":8148,"hash":"n5ey//Mw8nSriCAQC4YKecQ2PK0=","fileName":"istockphoto-1403968380-612x612.jpg","name":"istockphoto-1403968380-612x612","width":612,"height":408,"thumbnail":{"url":"np://user.desktop.nicepage.com/Site_562718237/images/thumbnails/istockphoto-1403968380-612x612.jpg","width":250,"height":167},"usages":["296906627","2921908027"]},{"id":"user-image-content--20210322042430.jpeg","publicUrl":"np://user.desktop.nicepage.com/Site_562718237/images/content--20210322042430.jpeg","size":2105664,"hash":"GLgMAWZanKrbP8eP4kXG+qlBL+M=","fileName":"content--20210322042430.jpeg","name":"content--20210322042430","width":6000,"height":4000,"thumbnail":{"url":"np://user.desktop.nicepage.com/Site_562718237/images/thumbnails/content--20210322042430.jpeg","width":250,"height":167},"usages":["728322289"]},{"id":"user-image-Persija_Jakarta_logo.png","publicUrl":"np://user.desktop.nicepage.com/Site_562718237/images/Persija_Jakarta_logo.png","size":75440,"hash":"UIxWPe1D2lT+F9Z5nJGFgOrpWD8=","fileName":"Persija_Jakarta_logo.png","name":"Persija_Jakarta_logo","width":275,"height":350,"thumbnail":{"url":"np://user.desktop.nicepage.com/Site_562718237/images/thumbnails/Persija_Jakarta_logo.png","width":196,"height":250},"usages":[]},{"id":"user-image-pemain-persija-jakarta-berselebrasi-usai-keluar-sebagai-juara-liga-_181209191701-488.jpg","publicUrl":"np://user.desktop.nicepage.com/Site_562718237/images/pemain-persija-jakarta-berselebrasi-usai-keluar-sebagai-juara-liga-_181209191701-488.jpg","size":129709,"hash":"ro6YVSBLE+U6Mc1FGkz09p6kV+Q=","fileName":"pemain-persija-jakarta-berselebrasi-usai-keluar-sebagai-juara-liga-_181209191701-488.jpg","name":"pemain-persija-jakarta-berselebrasi-usai-keluar-sebagai-juara-liga-_181209191701-488","width":830,"height":556,"thumbnail":{"url":"np://user.desktop.nicepage.com/Site_562718237/images/thumbnails/pemain-persija-jakarta-berselebrasi-usai-keluar-sebagai-juara-liga-_181209191701-488.jpg","width":250,"height":167},"usages":["61495651"]},{"id":"user-image-3312546528.jpg","publicUrl":"np://user.desktop.nicepage.com/Site_562718237/images/3312546528.jpg","size":72574,"hash":"MhTQVFi+Cf9NK9lLXBgozgZKzxs=","fileName":"3312546528.jpg","name":"3312546528","width":750,"height":500,"thumbnail":{"url":"np://user.desktop.nicepage.com/Site_562718237/images/thumbnails/3312546528.jpg","width":250,"height":167},"usages":["90765869"]}]
