{"npVersion":"5.7.9","firstPublishDate":1680703730982,"lastPublishDate":1680703956076,"needFullExport":false,"site":{"/nicepage-site.css":{"status":"published"}},"pages":{"51283106":{"files":{"/Populasi-Rakyat.css":{"status":"published"},"/Populasi-Rakyat.html":{"status":"published"}},"status":"published"},"61495651":{"files":{"/Club.css":{"status":"published"},"/Club.html":{"status":"published"}},"status":"published"},"90765869":{"files":{"/Stadion.css":{"status":"published"},"/Stadion.html":{"status":"published"}},"status":"published"},"266204647":{"files":{"/Sejarah.css":{"status":"published"},"/Sejarah.html":{"status":"published"}},"status":"published"},"296906627":{"files":{"/Tentang.css":{"status":"published"},"/Tentang.html":{"status":"published"}},"status":"published"},"728322289":{"files":{"/Museum.css":{"status":"published"},"/Museum.html":{"status":"published"}},"status":"published"},"781809484":{"files":{"/Kebudayaan.css":{"status":"published"},"/Kebudayaan.html":{"status":"published"}},"status":"published"},"849317169":{"files":{"/Home.css":{},"/Home.html":{},"/index.html":{}}},"923015157":{"files":{"/Makanan.css":{"status":"published"},"/Makanan.html":{"status":"published"}},"status":"published"},"995320280":{"files":{"/404.css":{"status":"published"},"/404.html":{"status":"published"}},"status":"published"},"2921908027":{"files":{"/Ekonomi.css":{"status":"published"},"/Ekonomi.html":{"status":"published"}},"status":"published"}},"blog":{},"images":{"/images/1-2.jpg":{"status":"published","publishedUrl":"https://assets.nicepagecdn.com/51b8a697/4546623/images/1-2.jpg","size":35832,"hash":"IaEvNS/qSenLynQgIGSDW7bm3p4="},"/images/23edd0b146ffc32ab856ea9c1d1fcf94.jpg":{"status":"published","publishedUrl":"https://assets.nicepagecdn.com/51b8a697/4546623/images/23edd0b146ffc32ab856ea9c1d1fcf94.jpg","size":165901,"hash":"Yfnf5qFUgaie0KaNxq8KlZzAGns="},"/images/3312546528.jpg":{"status":"published","publishedUrl":"https://assets.nicepagecdn.com/51b8a697/4546623/images/3312546528.jpg","size":72574,"hash":"MhTQVFi+Cf9NK9lLXBgozgZKzxs="},"/images/content--20210113071032.jpeg":{"status":"published","publishedUrl":"https://assets.nicepagecdn.com/51b8a697/4546623/images/content--20210113071032.jpeg","size":159496,"hash":"5XRYlR+WVo1Jh34Uu3W/2DOD82A="},"/images/content--20210322042430.jpeg":{"status":"published","publishedUrl":"https://assets.nicepagecdn.com/51b8a697/4546623/images/content--20210322042430.jpeg","size":535233,"hash":"JM0PppWlIH9/fbeh8RlSlirpMiY="},"/images/content--20210322122147.jpg":{"status":"published","publishedUrl":"https://assets.nicepagecdn.com/51b8a697/4546623/images/content--20210322122147.jpg","size":591165,"hash":"v0Vd1n/B1cMvHAG6bq9O2oOiPhs="},"/images/istockphoto-1403968380-612x612.jpg":{"status":"published","publishedUrl":"https://assets.nicepagecdn.com/51b8a697/4546623/images/istockphoto-1403968380-612x612.jpg","size":8148,"hash":"n5ey//Mw8nSriCAQC4YKecQ2PK0="},"/images/jakarta-1511711318773_1.jpg":{"status":"published","publishedUrl":"https://assets.nicepagecdn.com/51b8a697/4546623/images/jakarta-1511711318773_1.jpg","size":171680,"hash":"hscocGHd77Eb3a/N1uDqPcEmSAQ="},"/images/kerak-telor.jpg":{"status":"published","publishedUrl":"https://assets.nicepagecdn.com/51b8a697/4546623/images/kerak-telor.jpg","size":71579,"hash":"G3+uMHdgpQV0ngP5vze1GGspGxA="},"/images/pemain-persija-jakarta-berselebrasi-usai-keluar-sebagai-juara-liga-_181209191701-488.jpg":{"status":"published","publishedUrl":"https://assets.nicepagecdn.com/51b8a697/4546623/images/pemain-persija-jakarta-berselebrasi-usai-keluar-sebagai-juara-liga-_181209191701-488.jpg","size":129709,"hash":"ro6YVSBLE+U6Mc1FGkz09p6kV+Q="},"/images/soto-betawi-50244009.jpg":{"status":"published","publishedUrl":"https://assets.nicepagecdn.com/51b8a697/4546623/images/soto-betawi-50244009.jpg","size":128131,"hash":"HRq38JzzNPPoRALtAEKtaPXXxF8="}},"files":{},"fonts":{},"editor":{"site":{"/blog.json":{"status":"published"},"/files.json":{"status":"published"},"/fonts.json":{"status":"published"},"/images.json":{"status":"published"}},"pages":{"29650504":{"files":{"/Shopping-Cart-Template.html":{"status":"published"}},"status":"published"},"29714740":{"files":{"/Checkout-Template.html":{"status":"published"}},"status":"published"},"36985707":{"files":{"/Product-Details-Template.html":{"status":"published"}},"status":"published"},"51283106":{"files":{"/Populasi-Rakyat.html":{"status":"published"}},"status":"published"},"61495651":{"files":{"/Club.html":{"status":"published"}},"status":"published"},"90765869":{"files":{"/Stadion.html":{"status":"published"}},"status":"published"},"182823321":{"files":{"/Blog-Template.html":{"status":"published"}},"status":"published"},"266204647":{"files":{"/Sejarah.html":{"status":"published"}},"status":"published"},"296906627":{"files":{"/Tentang.html":{"status":"published"}},"status":"published"},"318429069":{"files":{"/Post-Template.html":{"status":"published"}},"status":"published"},"728322289":{"files":{"/Museum.html":{"status":"published"}},"status":"published"},"732714739":{"files":{"/Page-Password-Template.html":{"status":"published"}},"status":"published"},"781809484":{"files":{"/Kebudayaan.html":{"status":"published"}},"status":"published"},"849317169":{"files":{"/Home.html":{}}},"923015157":{"files":{"/Makanan.html":{"status":"published"}},"status":"published"},"985327758":{"files":{"/Product-List-Template.html":{"status":"published"}},"status":"published"},"995320280":{"files":{"/404.html":{"status":"published"}},"status":"published"},"2272516523":{"files":{"/Login-Template.html":{"status":"published"}},"status":"published"},"2921908027":{"files":{"/Ekonomi.html":{"status":"published"}},"status":"published"}},"blog":{"/blog/post-1.html":{"status":"published"},"/blog/post-2.html":{"status":"published"},"/blog/post-3.html":{"status":"published"},"/blog/post-4.html":{"status":"published"},"/blog/post-5.html":{"status":"published"},"/blog/post.html":{"status":"published"}},"images":{},"files":{},"fonts":{}}}
